All Social,All Social,All Social,All Social,All Social,All Social,All Social,All Social,All Social,All Social,All Social,All Social,Facebook,Instagram,LinkedIn,LinkedIn,Google (GBP),Google (GBP),Google (GBP),Google (GBP),Google (GBP),Google (GBP),Google (GBP),Google (GBP),Google (GBP),Google (GBP),YouTube,YouTube,YouTube,TikTok,TikTok,TikTok,TikTok,TikTok,TikTok,TikTok,Community,Community,Pinterest,Pinterest
postAtSpecificTime (YYYY-MM-DD HH:mm:ss),content,OGmetaUrl (url),imageUrls (comma-separated),gifUrl,videoUrls (comma-separated),thumbnailUrl,mediaOptimization (true/false),applyWatermark (true/false),tags (comma-separated),category,followUpComment,type (post/story/reel),type (post/story/reel),pdfTitle,postAsPdf (true/false),eventType (call_to_action/event/offer),actionType (none/order/book/shop/learn_more/call/sign_up),title,offerTitle,startDate (YYYY-MM-DD HH:mm:ss),endDate (YYYY-MM-DD HH:mm:ss),termsConditions,couponCode,redeemOnlineUrl,actionUrl,title,privacyLevel (private/public/unlisted),type (video/short),privacyLevel (everyone/friends/only_me),promoteOtherBrand (true/false),enableComment (true/false),enableDuet (true/false),enableStitch (true/false),videoDisclosure (true/false),promoteYourBrand (true/false),title,notifyAllGroupMembers (true/false),title,link
2026-09-28 09:00:00,"Base coat, flake by hand, clear topcoat. A garage floor in Spring Valley from start to finish.

Call or text (619) 289-3908 for a free estimate.

HRCCoatings | Licensed, bonded and insured | CSLB #1158346
#epoxyfloor #garagemakeover #sandiego #springvalley",,,,https://hrccoatingsco.com/social/spring-valley/MONTAGE-epoxy-transformation.mp4,,FALSE,FALSE,,,,reel,,,,,,,,,,,,,,,,,,,,,,,,,,,
2026-09-28 16:30:00,"Exterior repaint in Spring Valley. Cream stucco, black garage doors, fresh trim, prepped and coated to handle East County sun.

Call or text (619) 289-3908 for a free estimate.

HRCCoatings | Licensed, bonded and insured | CSLB #1158346
#exteriorpainting #housepainting #sandiego #springvalley",,,,https://hrccoatingsco.com/social/spring-valley/exterior-garage-doors.mp4,,FALSE,FALSE,,,,reel,,,,,,,,,,,,,,,,,,,,,,,,,,,
2026-09-29 09:00:00,"The finished floor. Flake epoxy, sealed under a clear topcoat. It cleans with a hose and it will not peel like a store kit.

Call or text (619) 289-3908 for a free estimate.

HRCCoatings | Licensed, bonded and insured | CSLB #1158346
#epoxyfloor #garagefloor #sandiego",,,,https://hrccoatingsco.com/social/spring-valley/epoxy-hero-glide.mp4,,FALSE,FALSE,,,,reel,,,,,,,,,,,,,,,,,,,,,,,,,,,
2026-09-29 16:30:00,"Walls and ceilings rolled after everything got masked and covered. Same house as the exterior and the garage floor.

Call or text (619) 289-3908 for a free estimate.

HRCCoatings | Licensed, bonded and insured | CSLB #1158346
#interiorpainting #housepainting #sandiego",,,,https://hrccoatingsco.com/social/spring-valley/interior-rolling-walls.mp4,,FALSE,FALSE,,,,reel,,,,,,,,,,,,,,,,,,,,,,,,,,,
2026-09-30 09:00:00,"Base coat goes down with a squeegee, then gets back rolled so the thickness is even across the whole slab.

Call or text (619) 289-3908 for a free estimate.

HRCCoatings | Licensed, bonded and insured | CSLB #1158346
#epoxyfloor #garagefloor #paintingcontractor #sandiego",,,,https://hrccoatingsco.com/social/spring-valley/epoxy-squeegee-spread.mp4,,FALSE,FALSE,,,,reel,,,,,,,,,,,,,,,,,,,,,,,,,,,
2026-09-30 16:30:00,"If you see this van in your neighborhood, somebody nearby is getting their home painted. Father and son company.

Call or text (619) 289-3908 for a free estimate.

HRCCoatings | Licensed, bonded and insured | CSLB #1158346
#sandiegopainters #familybusiness #springvalley",,,,https://hrccoatingsco.com/social/spring-valley/hrc-van-on-site.mp4,,FALSE,FALSE,,,,reel,,,,,,,,,,,,,,,,,,,,,,,,,,,
2026-10-01 09:00:00,"Interior, exterior, and a flake epoxy garage floor. One crew, one schedule, one point of contact instead of three contractors.

Call or text (619) 289-3908 for a free estimate.

HRCCoatings | Licensed, bonded and insured | CSLB #1158346
#housepainting #epoxyfloor #sandiego #springvalley",,,,https://hrccoatingsco.com/social/spring-valley/MONTAGE-whole-house.mp4,,FALSE,FALSE,,,,reel,,,,,,,,,,,,,,,,,,,,,,,,,,,
2026-10-01 16:30:00,"The back deck refinished in a gray that hides wear and takes full afternoon sun. Same view, brand new deck.

Call or text (619) 289-3908 for a free estimate.

HRCCoatings | Licensed, bonded and insured | CSLB #1158346
#deckstaining #exteriorpainting #sandiego",,,,https://hrccoatingsco.com/social/spring-valley/exterior-deck.mp4,,FALSE,FALSE,,,,reel,,,,,,,,,,,,,,,,,,,,,,,,,,,
2026-10-02 09:00:00,"This is the part everyone stops to watch. Color flake broadcast by hand across the wet base coat.

Call or text (619) 289-3908 for a free estimate.

HRCCoatings | Licensed, bonded and insured | CSLB #1158346
#epoxyfloor #satisfying #garagefloor #sandiego",,,,https://hrccoatingsco.com/social/spring-valley/epoxy-flake-broadcast.mp4,,FALSE,FALSE,,,,reel,,,,,,,,,,,,,,,,,,,,,,,,,,,
2026-10-02 16:30:00,"Ceilings and stairwells are where sloppy work shows. Ours get the same prep as the walls.

Call or text (619) 289-3908 for a free estimate.

HRCCoatings | Licensed, bonded and insured | CSLB #1158346
#interiorpainting #ceilings #sandiego",,,,https://hrccoatingsco.com/social/spring-valley/interior-stairwell.mp4,,FALSE,FALSE,,,,reel,,,,,,,,,,,,,,,,,,,,,,,,,,,
2026-10-03 09:00:00,"Same garage, new floor. Flake epoxy handles hot tires, dropped tools and oil, and it brightens the whole space.

Call or text (619) 289-3908 for a free estimate.

HRCCoatings | Licensed, bonded and insured | CSLB #1158346
#epoxyfloor #garagemakeover #sandiego",,,,https://hrccoatingsco.com/social/spring-valley/epoxy-finished-pan.mp4,,FALSE,FALSE,,,,reel,,,,,,,,,,,,,,,,,,,,,,,,,,,
2026-10-03 16:30:00,"Fresh stucco color, black entry door, clean lines on every edge.

Call or text (619) 289-3908 for a free estimate.

HRCCoatings | Licensed, bonded and insured | CSLB #1158346
#exteriorpainting #curbappeal #sandiego",,,,https://hrccoatingsco.com/social/spring-valley/exterior-entry-door.mp4,,FALSE,FALSE,,,,reel,,,,,,,,,,,,,,,,,,,,,,,,,,,
2026-10-04 09:00:00,"Back rolling with a pole so every square foot gets the same thickness. No thin spots, no roller marks.

Call or text (619) 289-3908 for a free estimate.

HRCCoatings | Licensed, bonded and insured | CSLB #1158346
#epoxyfloor #garagefloor #sandiego",,,,https://hrccoatingsco.com/social/spring-valley/epoxy-back-rolling.mp4,,FALSE,FALSE,,,,reel,,,,,,,,,,,,,,,,,,,,,,,,,,,
2026-10-04 16:30:00,"Plastic down and edges cut in by hand before a single wall gets rolled. Prep is most of the job.

Call or text (619) 289-3908 for a free estimate.

HRCCoatings | Licensed, bonded and insured | CSLB #1158346
#interiorpainting #paintprep #sandiego",,,,https://hrccoatingsco.com/social/spring-valley/interior-prep-masking.mp4,,FALSE,FALSE,,,,reel,,,,,,,,,,,,,,,,,,,,,,,,,,,
2026-10-05 09:00:00,"Daylight on a finished flake floor. This is what your garage looks like when it is done.

Call or text (619) 289-3908 for a free estimate.

HRCCoatings | Licensed, bonded and insured | CSLB #1158346
#epoxyfloor #garagemakeover #sandiego #springvalley",,,,https://hrccoatingsco.com/social/spring-valley/epoxy-garage-daylight.mp4,,FALSE,FALSE,,,,reel,,,,,,,,,,,,,,,,,,,,,,,,,,,
2026-10-05 16:30:00,"Epoxy has a working time, so the base coat goes down and gets moved fast. No second chances on a slab this size.

Call or text (619) 289-3908 for a free estimate.

HRCCoatings | Licensed, bonded and insured | CSLB #1158346
#epoxyfloor #howitsdone #sandiego",,,,https://hrccoatingsco.com/social/spring-valley/epoxy-base-coat-pour.mp4,,FALSE,FALSE,,,,reel,,,,,,,,,,,,,,,,,,,,,,,,,,,
2026-10-06 09:00:00,"Two man crew keeping a wet edge across the whole slab.

Call or text (619) 289-3908 for a free estimate.

HRCCoatings | Licensed, bonded and insured | CSLB #1158346
#epoxyfloor #teamwork #paintingcontractor #sandiego",,,,https://hrccoatingsco.com/social/spring-valley/epoxy-two-man-spread.mp4,,FALSE,FALSE,,,,reel,,,,,,,,,,,,,,,,,,,,,,,,,,,
2026-10-06 16:30:00,"Close up on the flake. Real chips sealed under a clear coat, not paint.

Call or text (619) 289-3908 for a free estimate.

HRCCoatings | Licensed, bonded and insured | CSLB #1158346
#epoxyfloor #garagefloor #sandiego",,,,https://hrccoatingsco.com/social/spring-valley/epoxy-floor-detail.mp4,,FALSE,FALSE,,,,reel,,,,,,,,,,,,,,,,,,,,,,,,,,,
